-- phpMyAdmin SQL Dump
-- version 5.2.1
-- https://www.phpmyadmin.net/
--
-- Host: 127.0.0.1
-- Generation Time: Oct 06, 2025 at 09:14 PM
-- Server version: 10.4.32-MariaDB
-- PHP Version: 8.0.30

SET SQL_MODE = "NO_AUTO_VALUE_ON_ZERO";
START TRANSACTION;
SET time_zone = "+00:00";


/*!40101 SET @OLD_CHARACTER_SET_CLIENT=@@CHARACTER_SET_CLIENT */;
/*!40101 SET @OLD_CHARACTER_SET_RESULTS=@@CHARACTER_SET_RESULTS */;
/*!40101 SET @OLD_COLLATION_CONNECTION=@@COLLATION_CONNECTION */;
/*!40101 SET NAMES utf8mb4 */;

--
-- Database: `sci_digiknowledge`
--

-- --------------------------------------------------------

--
-- Table structure for table `categories`
--

CREATE TABLE `categories` (
  `categorie_id` mediumint(10) UNSIGNED NOT NULL,
  `name` varchar(100) NOT NULL
) ENGINE=InnoDB DEFAULT CHARSET=utf8mb4 COLLATE=utf8mb4_general_ci;

--
-- Dumping data for table `categories`
--

INSERT INTO `categories` (`categorie_id`, `name`) VALUES
(1, 'Hardware (ฮาร์ดแวร์)'),
(2, 'Software (ซอฟต์แวร์)');

-- --------------------------------------------------------

--
-- Table structure for table `documents`
--

CREATE TABLE `documents` (
  `document_id` mediumint(8) UNSIGNED NOT NULL,
  `user_id` smallint(5) UNSIGNED NOT NULL,
  `title` varchar(255) NOT NULL,
  `keywords` text DEFAULT NULL,
  `academic_year` varchar(20) DEFAULT NULL,
  `status` enum('draft','pending','approved','rejected') DEFAULT 'draft',
  `uploaded_at` timestamp NOT NULL DEFAULT current_timestamp(),
  `download_count` int(11) DEFAULT 0
) ENGINE=InnoDB DEFAULT CHARSET=utf8mb4 COLLATE=utf8mb4_general_ci;

--
-- Dumping data for table `documents`
--

INSERT INTO `documents` (`document_id`, `user_id`, `title`, `keywords`, `academic_year`, `status`, `uploaded_at`, `download_count`) VALUES
(2, 1, 'ใบคำร้อง', 'ใบคำร้อง', '2568', 'draft', '2025-07-29 15:42:45', 0),
(3, 1, 'ระบบเว็บไซต์คลังผลงานโครงงาน SciDigiKnowledge', 'เว็บไซต์', '2568', 'draft', '2025-07-29 15:53:52', 0),
(4, 1, 'vdo ปริญญานิพนต์', 'vdo ปริญญานิพนต์', '2566', 'draft', '2025-07-29 16:01:23', 0),
(5, 1, 'สรุปคะแนน', 'คะแนน', '2568', 'draft', '2025-07-29 17:32:29', 0),
(6, 1, 'บทที่2', 'สไลด์สอน', '2568', 'draft', '2025-07-29 17:38:09', 0),
(7, 1, 'บทที่2', 'สไลด์', '2568', 'draft', '2025-07-29 17:40:44', 0),
(8, 1, 't commit', 'guy', '2568', 'draft', '2025-08-17 19:14:47', 0),
(11, 1, 'โครงงานวิจัยการใช้ถ่านชีวภาพ', 'biochar, environment', '2567', 'draft', '2025-08-27 18:12:48', 0),
(12, 1, 'บทความเทคโนโลยีสารสนเทศ', 'IT, digital', '2566', 'draft', '2025-08-27 18:12:48', 0),
(13, 9, '1', '2', '', 'draft', '2025-09-18 17:53:26', 0),
(14, 9, 'ชื่อเอกสารตัวอย่าง', NULL, NULL, '', '2025-09-18 19:21:48', 0),
(15, 9, 'ชื่อเอกสารตัวอย่าง', 'keyword1, keyword2', '2568', '', '2025-09-18 19:22:04', 0),
(16, 9, 'ชื่อเอกสารตัวอย่าง', 'keyword1, keyword2', '2568', '', '2025-09-18 19:26:44', 0),
(17, 9, 'ชื่อเอกสารตัวอย่าง', 'keyword1, keyword2', '2568', '', '2025-09-18 19:30:00', 0),
(18, 9, 'fgdg', 'การจอง , เว็บไซต์', '2568', 'draft', '2025-09-18 22:08:58', 0),
(19, 9, 'fgdg', 'การจอง , เว็บไซต์', '2568', 'draft', '2025-09-18 22:09:15', 0),
(20, 9, 'fgdg', 'การจอง , เว็บไซต์', '2568', 'draft', '2025-09-18 22:10:36', 0),
(21, 9, 'fgdg', 'การจอง , เว็บไซต์', '2568', 'draft', '2025-09-18 22:11:10', 0),
(22, 9, 'fgdg', 'การจอง , เว็บไซต์', '2568', 'draft', '2025-09-18 22:12:13', 0),
(23, 9, 'fgdg', 'การจอง , เว็บไซต์', '2568', 'draft', '2025-09-18 22:12:15', 0),
(24, 9, 'fgdg', 'การจอง , เว็บไซต์', '2568', 'draft', '2025-09-18 22:12:19', 0),
(25, 9, 'fgdg', 'การจอง , เว็บไซต์', '2568', 'draft', '2025-09-18 22:12:34', 0),
(26, 9, 'fgdg', 'การจอง , เว็บไซต์', '2568', 'draft', '2025-09-18 22:13:59', 0),
(27, 9, 'fgdg', 'การจอง , เว็บไซต์', '2568', 'draft', '2025-09-18 22:14:02', 0),
(28, 9, 'fgdg', 'การจอง , เว็บไซต์', '2568', 'draft', '2025-09-18 22:18:08', 0),
(29, 9, 'fgdg', 'การจอง , เว็บไซต์', '2568', 'draft', '2025-09-18 22:18:21', 0),
(30, 9, 'fgdg', 'การจอง , เว็บไซต์', '2568', 'draft', '2025-09-18 22:24:28', 0),
(31, 9, 'fgdg', 'การจอง , เว็บไซต์', '2568', 'draft', '2025-09-18 22:26:01', 0),
(32, 9, 'fgdg', 'การจอง , เว็บไซต์', '2568', 'draft', '2025-09-18 22:27:23', 0),
(33, 9, 'fgdg', 'การจอง , เว็บไซต์', '2568', 'draft', '2025-09-18 22:28:52', 0),
(34, 9, 'fgdg', 'การจอง , เว็บไซต์', '2568', 'draft', '2025-09-18 22:30:18', 0),
(36, 11, 'fgdg', 'การจอง , เว็บไซต์', '2568', 'draft', '2025-09-18 22:30:42', 0),
(37, 11, 'fgdg', 'การจอง , เว็บไซต์', '2568', 'draft', '2025-09-18 22:31:12', 0),
(38, 9, '45', '', '', 'approved', '2025-09-25 21:05:06', 0),
(39, 9, '45', '', '', 'approved', '2025-09-25 21:07:47', 0),
(40, 9, '45', '', '', '', '2025-09-25 21:14:09', 0),
(41, 9, 'การจองห้อง', 'การจอง', '2568', '', '2025-09-25 21:19:49', 0),
(42, 9, 'การจองห้อง', 'การจอง', '2568', 'draft', '2025-09-25 21:23:17', 0),
(43, 9, 'เ่้่้', 'การจอง , เว็บไซต์', '2568', 'draft', '2025-09-25 21:23:40', 0),
(44, 9, 'เ่้่้', 'การจอง , เว็บไซต์', '2568', 'draft', '2025-09-25 21:24:54', 0),
(45, 9, 'เ่้่้', 'การจอง , เว็บไซต์', '2568', 'draft', '2025-09-25 21:25:33', 0),
(46, 9, 'เ่้่้', 'การจอง , เว็บไซต์', '2568', 'draft', '2025-09-25 21:29:48', 0),
(47, 9, 'เ่้่้', 'การจอง , เว็บไซต์', '2568', 'draft', '2025-09-25 21:30:52', 0),
(48, 9, 'เ่้่้', 'การจอง , เว็บไซต์', '2568', 'draft', '2025-09-25 21:31:41', 0),
(49, 9, 'เ่้่้', 'การจอง , เว็บไซต์', '2568', 'draft', '2025-09-25 21:33:38', 0),
(50, 9, 'เ่้่้', 'การจอง , เว็บไซต์', '2568', 'draft', '2025-09-25 21:33:39', 0),
(51, 9, 'เ่้่้', 'การจอง , เว็บไซต์', '2568', 'draft', '2025-09-25 21:34:28', 0),
(52, 9, 'เ่้่้', 'การจอง , เว็บไซต์', '2568', 'draft', '2025-09-25 21:35:45', 0),
(53, 9, 'เ่้่้', 'การจอง , เว็บไซต์', '2568', 'draft', '2025-09-25 21:40:46', 0),
(54, 9, 'เ่้่้', 'การจอง , เว็บไซต์', '2568', 'draft', '2025-09-25 21:41:19', 0),
(55, 9, 'เ่้่้', 'การจอง , เว็บไซต์', '2568', 'draft', '2025-09-25 21:49:43', 0),
(56, 9, 'เ่้่้', 'การจอง , เว็บไซต์', '2568', 'draft', '2025-09-25 21:52:15', 0),
(57, 9, 'เ่้่้', 'การจอง , เว็บไซต์', '2568', 'draft', '2025-09-25 21:55:14', 0),
(58, 9, 'เ่้่้', 'การจอง , เว็บไซต์', '2568', 'draft', '2025-09-25 21:56:45', 0),
(59, 9, 'dki0v\'', 'sfdsfs', 'sfdfd', '', '2025-09-25 22:00:23', 0),
(60, 9, 'การจองห้องประชุม', 'การจอง , เว็บไซต์', '2568', 'draft', '2025-09-25 22:01:53', 0),
(61, 9, 'การจองห้องประชุม', 'การจอง , เว็บไซต์', '2568', 'draft', '2025-09-25 22:02:58', 0),
(62, 9, 'การจองห้องประชุม', 'การจอง , เว็บไซต์', '2568', 'draft', '2025-09-25 22:03:22', 0),
(63, 9, 'การจองห้องประชุม', 'การจอง , เว็บไซต์', '2568', 'draft', '2025-09-25 22:03:52', 0),
(64, 9, 'การจองห้องประชุม', 'การจอง , เว็บไซต์', '2568', 'draft', '2025-09-25 22:04:33', 0),
(65, 9, 'การจองห้องประชุม', 'การจอง , เว็บไซต์', '2568', 'draft', '2025-09-25 22:04:56', 0),
(66, 9, 'การจองห้องประชุม', 'การจอง , เว็บไซต์', '2568', 'draft', '2025-09-25 22:05:12', 0),
(67, 9, 'การจองห้องประชุม', 'การจอง , เว็บไซต์', '2568', 'draft', '2025-09-25 22:06:54', 0),
(68, 9, 'การจองห้องประชุม', 'การจอง , เว็บไซต์', '2568', 'draft', '2025-09-25 22:07:45', 0),
(69, 9, 'การจองห้องประชุม', 'การจอง , เว็บไซต์', '2568', 'draft', '2025-09-25 22:08:11', 0),
(70, 9, 'การจองห้องประชุม', 'การจอง , เว็บไซต์', '2568', 'draft', '2025-09-25 22:09:19', 0),
(71, 9, 'การจองห้องประชุม', 'การจอง , เว็บไซต์', '2568', 'draft', '2025-09-25 22:09:55', 0),
(72, 9, 'การจองห้องประชุม', 'การจอง , เว็บไซต์', '2568', 'draft', '2025-09-25 22:11:04', 0),
(73, 9, 'ดเ้เ้', 'เ้ด้ด', 'ด้ดเ้ดเ้', '', '2025-09-25 22:14:33', 0),
(74, 9, 'การจองห้องประชุม', 'การจอง , เว็บไซต์', '2568', 'draft', '2025-09-25 22:18:47', 0),
(75, 9, 'การจองห้องประชุม', 'การจอง , เว็บไซต์', '2568', 'draft', '2025-09-25 22:22:02', 0),
(76, 9, 'การจองห้องประชุม', 'การจอง , เว็บไซต์', '2568', 'draft', '2025-09-25 22:22:52', 0),
(77, 9, 'การจองห้องประชุม', 'การจอง , เว็บไซต์', '2568', 'draft', '2025-09-25 22:23:16', 0),
(78, 1, 'เว็บไซต์', 'ดกเกดเ', '2568', 'draft', '2025-09-25 22:27:23', 0),
(79, 1, 'ด้เ้เ', 'ด้เด้ดเ', 'ด้เด้เด', '', '2025-09-25 22:38:29', 0),
(80, 1, 'จองห้องประชุม', 'เว็บจองห้องประชุม', '2568', '', '2025-09-30 19:46:52', 0),
(81, 1, 'จองห้องประชุม', 'เว็บจองห้องประชุม', '2568', '', '2025-09-30 19:48:01', 0),
(82, 1, 'จองห้องประชุม', 'เว็บจองห้องประชุม', '2568', '', '2025-09-30 20:03:39', 0),
(83, 1, 'จองห้อง', 'การจองห้องประชุม', '2568', '', '2025-09-30 20:15:19', 0),
(84, 1, 'ห้องประชุม', 'การจอง', '2568', '', '2025-09-30 20:18:20', 0),
(85, 9, 'พัฒนาเว็บ', 'การจองห้องประชุม', '2568', '', '2025-09-30 20:22:41', 0),
(86, 9, 'เว็บไซต์จองห้องประชุม', 'ห้องประชุม', '2568', '', '2025-09-30 20:42:53', 0),
(87, 9, 'เว็บคลังผลงาน', 'เอกสารดิจิทัล', '2568', '', '2025-09-30 21:02:47', 0),
(88, 9, 'ห้อง', 'ห้องงง', '2568', '', '2025-09-30 21:09:19', 0),
(89, 9, 'หกกด', 'หดกหด', '2568', '', '2025-09-30 21:17:43', 0),
(90, 9, 'กดหด', 'หดกดด', '2568', '', '2025-09-30 21:24:29', 0),
(91, 9, 'กดหกด', 'หดหกด', 'หดกห', '', '2025-09-30 21:25:59', 0),
(92, 9, 'การจอง', 'การจอง', '2568', '', '2025-09-30 21:35:04', 0),
(93, 9, 'dki0v\'', 'sfsf', '2568', '', '2025-09-30 21:49:54', 0),
(94, 9, 'ห้องประชุม', 'เว็บ', '2568', '', '2025-10-02 22:13:14', 0),
(95, 9, 'ดเกเ', 'กเดก', 'กเดก', '', '2025-10-02 22:35:21', 0),
(96, 9, 'กหดห', 'หกดห', 'หดหกด', '', '2025-10-02 22:42:40', 0),
(97, 9, 'จองห้องประชุม', 'เว็บไซต์', '2568', '', '2025-10-02 23:49:05', 0),
(98, 9, 'การจองห้อง', 'เว็บไซต์', '2568', '', '2025-10-05 21:00:56', 3),
(99, 9, 'เว็บไซต์', 'เว็บไซต์', '2568', '', '2025-10-05 21:08:13', 6),
(100, 9, 'เว็บไซต์', 'การจองห้อง', '2568', '', '2025-10-05 21:16:57', 10),
(101, 9, 'ห้องประชุม', 'จองห้อง', '2568', '', '2025-10-05 22:28:34', 16),
(102, 9, 'ห้องพัก', 'ระบบ', '2568', '', '2025-10-06 04:14:41', 3),
(103, 9, 'จองห้องประชุม', 'เว็บไซต์', '2568', '', '2025-10-06 04:20:54', 4),
(104, 16, 'คลังผลงาน', '2568', '2568', '', '2025-10-06 17:48:54', 0);

-- --------------------------------------------------------

--
-- Table structure for table `document_categories`
--

CREATE TABLE `document_categories` (
  `document_id` mediumint(8) UNSIGNED NOT NULL,
  `categorie_id` mediumint(10) UNSIGNED NOT NULL
) ENGINE=InnoDB DEFAULT CHARSET=utf8mb4 COLLATE=utf8mb4_general_ci;

--
-- Dumping data for table `document_categories`
--

INSERT INTO `document_categories` (`document_id`, `categorie_id`) VALUES
(98, 1),
(99, 2),
(100, 1),
(100, 2),
(101, 1),
(101, 2),
(102, 1),
(102, 2),
(103, 1),
(103, 2),
(104, 2);

-- --------------------------------------------------------

--
-- Table structure for table `document_files`
--

CREATE TABLE `document_files` (
  `document_file_id` mediumint(8) UNSIGNED NOT NULL,
  `document_id` mediumint(8) UNSIGNED NOT NULL,
  `file_path` varchar(255) NOT NULL,
  `original_name` varchar(255) DEFAULT NULL,
  `file_type` varchar(20) DEFAULT NULL,
  `section` varchar(100) DEFAULT NULL,
  `uploaded_at` timestamp NOT NULL DEFAULT current_timestamp(),
  `download_count` int(11) NOT NULL DEFAULT 0
) ENGINE=InnoDB DEFAULT CHARSET=utf8mb4 COLLATE=utf8mb4_general_ci;

--
-- Dumping data for table `document_files`
--

INSERT INTO `document_files` (`document_file_id`, `document_id`, `file_path`, `original_name`, `file_type`, `section`, `uploaded_at`, `download_count`) VALUES
(1, 30, 'uploads\\1758234268668-StatisticsChapter4_Probability and Counting Rules (2).pdf', 'StatisticsChapter4_Probability and Counting Rules (2).pdf', 'application/pdf', 'main', '2025-09-18 22:24:28', 0),
(2, 31, 'uploads\\1758234361199-StatisticsChapter4_Probability and Counting Rules (2).pdf', 'StatisticsChapter4_Probability and Counting Rules (2).pdf', 'application/pdf', 'main', '2025-09-18 22:26:01', 0),
(3, 32, 'uploads\\1758234443571-StatisticsChapter4_Probability and Counting Rules (2).pdf', 'StatisticsChapter4_Probability and Counting Rules (2).pdf', 'application/pdf', 'main', '2025-09-18 22:27:23', 0),
(4, 33, 'uploads\\1758234532078-StatisticsChapter4_Probability and Counting Rules (2).pdf', 'StatisticsChapter4_Probability and Counting Rules (2).pdf', 'application/pdf', 'main', '2025-09-18 22:28:52', 0),
(5, 34, 'uploads\\1758234618213-StatisticsChapter4_Probability and Counting Rules (2).pdf', 'StatisticsChapter4_Probability and Counting Rules (2).pdf', 'application/pdf', 'main', '2025-09-18 22:30:18', 0),
(6, 36, 'uploads\\1758234642805-StatisticsChapter4_Probability and Counting Rules (2).pdf', 'StatisticsChapter4_Probability and Counting Rules (2).pdf', 'application/pdf', 'main', '2025-09-18 22:30:42', 0),
(7, 37, 'uploads\\1758234672691-StatisticsChapter4_Probability and Counting Rules (2).pdf', 'StatisticsChapter4_Probability and Counting Rules (2).pdf', 'application/pdf', 'main', '2025-09-18 22:31:12', 0),
(8, 40, '1758834849289-à¸à¸à¸à¸µà¹4.pdf', 'à¸à¸à¸à¸µà¹4.pdf', 'application/pdf', 'อื่นๆ', '2025-09-25 21:14:09', 0),
(9, 41, '1758835189695-à¸à¸à¸à¸µà¹4.pdf', 'à¸à¸à¸à¸µà¹4.pdf', 'application/pdf', 'เว็บไซต์', '2025-09-25 21:19:49', 0),
(10, 42, '1758835397665-à¸à¸à¸à¸µà¹4(1).pdf', 'à¸à¸à¸à¸µà¹4(1).pdf', 'application/pdf', 'เว็บไซต์', '2025-09-25 21:23:17', 0),
(11, 43, '1758835420644-à¸à¸à¸à¸µà¹4.docx', 'à¸à¸à¸à¸µà¹4.docx', 'application/vnd.open', 'อื่นๆ', '2025-09-25 21:23:40', 0),
(12, 44, '1758835494747-à¸à¸à¸à¸µà¹4.docx', 'à¸à¸à¸à¸µà¹4.docx', 'application/vnd.open', 'อื่นๆ', '2025-09-25 21:24:54', 0),
(13, 45, '1758835533289-à¸à¸à¸à¸µà¹4.docx', 'à¸à¸à¸à¸µà¹4.docx', 'application/vnd.open', 'อื่นๆ', '2025-09-25 21:25:33', 0),
(14, 46, '1758835787903-à¸à¸à¸à¸µà¹4.docx', 'à¸à¸à¸à¸µà¹4.docx', 'application/vnd.open', 'อื่นๆ', '2025-09-25 21:29:48', 0),
(15, 47, '1758835852199-à¸à¸à¸à¸µà¹4.docx', 'à¸à¸à¸à¸µà¹4.docx', 'application/vnd.open', 'อื่นๆ', '2025-09-25 21:30:52', 0),
(16, 48, '1758835901672-à¸à¸à¸à¸µà¹4.docx', 'à¸à¸à¸à¸µà¹4.docx', 'application/vnd.open', 'อื่นๆ', '2025-09-25 21:31:41', 0),
(17, 49, '1758836018733-à¸à¸à¸à¸µà¹4.docx', 'à¸à¸à¸à¸µà¹4.docx', 'application/vnd.open', 'อื่นๆ', '2025-09-25 21:33:38', 0),
(18, 50, '1758836019822-à¸à¸à¸à¸µà¹4.docx', 'à¸à¸à¸à¸µà¹4.docx', 'application/vnd.open', 'อื่นๆ', '2025-09-25 21:33:39', 0),
(19, 51, '1758836068734-à¸à¸à¸à¸µà¹4.docx', 'à¸à¸à¸à¸µà¹4.docx', 'application/vnd.open', 'อื่นๆ', '2025-09-25 21:34:28', 0),
(20, 52, '1758836145159-à¸à¸à¸à¸µà¹4.docx', 'à¸à¸à¸à¸µà¹4.docx', 'application/vnd.open', 'อื่นๆ', '2025-09-25 21:35:45', 0),
(21, 53, '1758836446842-à¸à¸à¸à¸µà¹4.docx', 'à¸à¸à¸à¸µà¹4.docx', 'application/vnd.open', 'อื่นๆ', '2025-09-25 21:40:46', 0),
(22, 54, '1758836479722-à¸à¸à¸à¸µà¹4.docx', 'à¸à¸à¸à¸µà¹4.docx', 'application/vnd.open', 'อื่นๆ', '2025-09-25 21:41:19', 0),
(23, 55, '1758836983730-Cloud w11.pdf', 'Cloud w11.pdf', 'application/pdf', 'อื่นๆ', '2025-09-25 21:49:43', 0),
(24, 56, '1758837135273-à¸à¸à¸à¸µà¹4.pdf', 'à¸à¸à¸à¸µà¹4.pdf', 'application/pdf', 'อื่นๆ', '2025-09-25 21:52:15', 0),
(25, 57, '1758837314058-à¸à¸à¸à¸µà¹4.pdf', 'à¸à¸à¸à¸µà¹4.pdf', 'application/pdf', 'อื่นๆ', '2025-09-25 21:55:14', 0),
(26, 58, '1758837405525-à¸à¸à¸à¸µà¹4.pdf', 'à¸à¸à¸à¸µà¹4.pdf', 'application/pdf', 'อื่นๆ', '2025-09-25 21:56:45', 0),
(27, 59, '1758837623436-à¸à¸à¸à¸µà¹4.docx', 'à¸à¸à¸à¸µà¹4.docx', 'application/vnd.open', 'dsfsf', '2025-09-25 22:00:23', 0),
(28, 60, '1758837713725-à¸à¸à¸à¸µà¹4.pdf', 'à¸à¸à¸à¸µà¹4.pdf', 'application/pdf', 'อื่นๆ', '2025-09-25 22:01:53', 0),
(29, 61, '1758837778149-à¸à¸à¸à¸µà¹4.pdf', 'à¸à¸à¸à¸µà¹4.pdf', 'application/pdf', 'อื่นๆ', '2025-09-25 22:02:58', 0),
(30, 62, '1758837802947-à¸à¸à¸à¸µà¹4.pdf', 'à¸à¸à¸à¸µà¹4.pdf', 'application/pdf', 'อื่นๆ', '2025-09-25 22:03:22', 0),
(31, 63, '1758837832094-à¸à¸à¸à¸µà¹4.pdf', 'à¸à¸à¸à¸µà¹4.pdf', 'application/pdf', 'อื่นๆ', '2025-09-25 22:03:52', 0),
(32, 64, '1758837873467-à¸à¸à¸à¸µà¹4.pdf', 'à¸à¸à¸à¸µà¹4.pdf', 'application/pdf', 'อื่นๆ', '2025-09-25 22:04:33', 0),
(33, 65, '1758837896005-à¸à¸à¸à¸µà¹4.pdf', 'à¸à¸à¸à¸µà¹4.pdf', 'application/pdf', 'อื่นๆ', '2025-09-25 22:04:56', 0),
(34, 66, '1758837912420-à¸à¸à¸à¸µà¹4.pdf', 'à¸à¸à¸à¸µà¹4.pdf', 'application/pdf', 'อื่นๆ', '2025-09-25 22:05:12', 0),
(35, 67, '1758838014336-à¸à¸à¸à¸µà¹4.pdf', 'à¸à¸à¸à¸µà¹4.pdf', 'application/pdf', 'อื่นๆ', '2025-09-25 22:06:54', 0),
(36, 68, '1758838065073-à¸à¸à¸à¸µà¹4.pdf', 'à¸à¸à¸à¸µà¹4.pdf', 'application/pdf', 'อื่นๆ', '2025-09-25 22:07:45', 0),
(37, 69, '1758838091081-à¸à¸à¸à¸µà¹4.pdf', 'à¸à¸à¸à¸µà¹4.pdf', 'application/pdf', 'อื่นๆ', '2025-09-25 22:08:11', 0),
(38, 70, '1758838159322-à¸à¸à¸à¸µà¹4.pdf', 'à¸à¸à¸à¸µà¹4.pdf', 'application/pdf', 'อื่นๆ', '2025-09-25 22:09:19', 0),
(39, 71, '1758838195442-à¸à¸à¸à¸µà¹4.pdf', 'à¸à¸à¸à¸µà¹4.pdf', 'application/pdf', 'อื่นๆ', '2025-09-25 22:09:55', 0),
(40, 72, '1758838264901-à¸à¸à¸à¸µà¹4.pdf', 'à¸à¸à¸à¸µà¹4.pdf', 'application/pdf', 'อื่นๆ', '2025-09-25 22:11:04', 0),
(41, 73, '1758838472956-à¸à¸à¸à¸µà¹4.docx', 'à¸à¸à¸à¸µà¹4.docx', 'application/vnd.open', 'เด้ด้ด', '2025-09-25 22:14:33', 0),
(42, 74, '1758838726958-à¸à¸à¸à¸µà¹4.pdf', 'à¸à¸à¸à¸µà¹4.pdf', 'application/pdf', 'อื่นๆ', '2025-09-25 22:18:47', 0),
(43, 75, '1758838922918-à¸à¸à¸à¸µà¹4.pdf', 'à¸à¸à¸à¸µà¹4.pdf', 'application/pdf', 'อื่นๆ', '2025-09-25 22:22:02', 0),
(44, 76, '1758838972804-à¸à¸à¸à¸µà¹4.pdf', 'à¸à¸à¸à¸µà¹4.pdf', 'application/pdf', 'อื่นๆ', '2025-09-25 22:22:52', 0),
(45, 77, '1758838996906.pdf', 'à¸à¸à¸à¸µà¹4.pdf', 'application/pdf', 'อื่นๆ', '2025-09-25 22:23:16', 0),
(46, 78, '1758839243324.pdf', 'à¸à¸à¸à¸µà¹4.pdf', 'application/pdf', 'เสร', '2025-09-25 22:27:23', 0),
(47, 79, '1758839909489.pdf', 'à¸à¸à¸à¸µà¹4(1).pdf', 'application/pdf', 'ดเ้้เด', '2025-09-25 22:38:29', 0),
(48, 80, '1759261612577.pdf', 'à¸à¸à¸à¸µà¹ 7 à¸ªà¸«à¸ªà¸±à¸¡à¸à¸±à¸à¸à¹à¹à¸¥à¸°à¸à¸²à¸£à¸§à¸´à¹à¸à¸£à¸²à¸°à¸«à¹à¸à¸²à¸£à¸à¸­à¸à¸­à¸¢.pdf', 'application/pdf', 'เว็บไซต์ , ห้องประชุม', '2025-09-30 19:46:52', 0),
(49, 81, '1759261681241.pdf', 'à¸à¸à¸à¸µà¹ 7 à¸ªà¸«à¸ªà¸±à¸¡à¸à¸±à¸à¸à¹à¹à¸¥à¸°à¸à¸²à¸£à¸§à¸´à¹à¸à¸£à¸²à¸°à¸«à¹à¸à¸²à¸£à¸à¸­à¸à¸­à¸¢.pdf', 'application/pdf', 'เว็บไซต์ , ห้องประชุม', '2025-09-30 19:48:01', 0),
(50, 82, '1759262619369.jpg', 'messageImage_1758945335820.jpg', 'image/jpeg', 'เว็บไซต์ , ห้องประชุม', '2025-09-30 20:03:39', 0),
(51, 83, '1759263319251.jpg', 'messageImage_1758945335820.jpg', 'image/jpeg', 'เว็บไซต์ , ห้องประชุม', '2025-09-30 20:15:19', 0),
(52, 84, '1759263500806.pdf', 'à¸à¸à¸à¸µà¹ 7 à¸ªà¸«à¸ªà¸±à¸¡à¸à¸±à¸à¸à¹à¹à¸¥à¸°à¸à¸²à¸£à¸§à¸´à¹à¸à¸£à¸²à¸°à¸«à¹à¸à¸²à¸£à¸à¸­à¸à¸­à¸¢.pdf', 'application/pdf', 'เว็บไซต์', '2025-09-30 20:18:20', 0),
(53, 85, '1759263761540.jpg', 'messageImage_1758945335820.jpg', 'image/jpeg', 'เว็บไซต์ ', '2025-09-30 20:22:41', 0),
(54, 86, '1759264973649.pdf', 'à¸à¸à¸à¸µà¹ 6 à¸à¸²à¸£à¸§à¸´à¹à¸à¸£à¸²à¸°à¸«à¹à¸à¸§à¸²à¸¡à¹à¸à¸£à¸à¸£à¸§à¸.pdf', 'application/pdf', 'เว็บไซต์', '2025-09-30 20:42:53', 0),
(55, 86, '1759264973754.jpg', 'messageImage_1758945335820.jpg', 'image/jpeg', 'cover', '2025-09-30 20:42:55', 0),
(56, 86, '1759264973770.pdf', 'à¸à¸à¸à¸µà¹ 7 à¸ªà¸«à¸ªà¸±à¸¡à¸à¸±à¸à¸à¹à¹à¸¥à¸°à¸à¸²à¸£à¸§à¸´à¹à¸à¸£à¸²à¸°à¸«à¹à¸à¸²à¸£à¸à¸­à¸à¸­à¸¢.pdf', 'application/pdf', 'abstract', '2025-09-30 20:42:55', 0),
(57, 86, '1759264973785.pdf', 'à¸à¸à¸à¸µà¹ 6 à¸à¸²à¸£à¸§à¸´à¹à¸à¸£à¸²à¸°à¸«à¹à¸à¸§à¸²à¸¡à¹à¸à¸£à¸à¸£à¸§à¸.pdf', 'application/pdf', 'acknowledgement', '2025-09-30 20:42:55', 0),
(58, 86, '1759264973802.pdf', 'à¸à¸à¸à¸µà¹ 5  à¸à¸²à¸£à¸à¸à¸ªà¸­à¸à¸ªà¸¡à¸¡à¸à¸´à¸à¸²à¸.pdf', 'application/pdf', 'toc', '2025-09-30 20:42:55', 0),
(59, 86, '1759264973813.pdf', 'à¸à¸à¸à¸µà¹ 4 à¸à¸²à¸£à¸à¸£à¸°à¸¡à¸²à¸à¸à¹à¸².pdf', 'application/pdf', 'chapter1', '2025-09-30 20:42:55', 0),
(60, 86, '1759264973832.pdf', 'à¸à¸à¸à¸µà¹ 3 à¸à¸²à¸£à¹à¸à¸à¹à¸à¸à¹à¸à¸à¸à¸à¸à¸´.pdf', 'application/pdf', 'chapter2', '2025-09-30 20:42:55', 0),
(61, 86, '1759264973842.pdf', 'à¸à¸à¸à¸µà¹ 3 à¸à¸²à¸£à¹à¸à¸à¹à¸à¸à¹à¸à¸à¸à¸à¸à¸´.pdf', 'application/pdf', 'chapter3', '2025-09-30 20:42:55', 0),
(62, 86, '1759264973853.pdf', 'à¸à¸à¸à¸µà¹ 4 à¸à¸²à¸£à¸à¸£à¸°à¸¡à¸²à¸à¸à¹à¸².pdf', 'application/pdf', 'chapter4', '2025-09-30 20:42:55', 0),
(63, 86, '1759264973869.pdf', 'à¸à¸à¸à¸µà¹ 5  à¸à¸²à¸£à¸à¸à¸ªà¸­à¸à¸ªà¸¡à¸¡à¸à¸´à¸à¸²à¸.pdf', 'application/pdf', 'chapter5', '2025-09-30 20:42:55', 0),
(64, 86, '1759264973884.pdf', 'à¸à¸à¸à¸µà¹ 6 à¸à¸²à¸£à¸§à¸´à¹à¸à¸£à¸²à¸°à¸«à¹à¸à¸§à¸²à¸¡à¹à¸à¸£à¸à¸£à¸§à¸.pdf', 'application/pdf', 'reference', '2025-09-30 20:42:55', 0),
(65, 86, '1759264973899.pdf', 'à¸à¸à¸à¸µà¹ 7 à¸ªà¸«à¸ªà¸±à¸¡à¸à¸±à¸à¸à¹à¹à¸¥à¸°à¸à¸²à¸£à¸§à¸´à¹à¸à¸£à¸²à¸°à¸«à¹à¸à¸²à¸£à¸à¸­à¸à¸­à¸¢.pdf', 'application/pdf', 'appendix', '2025-09-30 20:42:55', 0),
(66, 86, '1759264973940.pdf', 'à¸à¸à¸à¸µà¹ 3 à¸à¸²à¸£à¹à¸à¸à¹à¸à¸à¹à¸à¸à¸à¸à¸à¸´.pdf', 'application/pdf', 'author_bio', '2025-09-30 20:42:55', 0),
(67, 86, '1759264973955.mp4', '2_à¸§à¸£à¸£à¸à¸£à¸à¸²_Lab_6_completed.mp4', 'video/mp4', 'presentation_video', '2025-09-30 20:42:55', 0),
(68, 87, '1759266167924.pdf', 'à¸à¸à¸à¸µà¹ 7 à¸ªà¸«à¸ªà¸±à¸¡à¸à¸±à¸à¸à¹à¹à¸¥à¸°à¸à¸²à¸£à¸§à¸´à¹à¸à¸£à¸²à¸°à¸«à¹à¸à¸²à¸£à¸à¸­à¸à¸­à¸¢.pdf', 'application/pdf', 'เว็บไซต์', '2025-09-30 21:02:48', 0),
(69, 87, '1759266168024.jpg', 'messageImage_1758945335820.jpg', 'image/jpeg', 'cover', '2025-09-30 21:02:49', 0),
(70, 87, '1759266168032.pdf', 'à¸à¸à¸à¸µà¹ 7 à¸ªà¸«à¸ªà¸±à¸¡à¸à¸±à¸à¸à¹à¹à¸¥à¸°à¸à¸²à¸£à¸§à¸´à¹à¸à¸£à¸²à¸°à¸«à¹à¸à¸²à¸£à¸à¸­à¸à¸­à¸¢.pdf', 'application/pdf', 'abstract', '2025-09-30 21:02:49', 0),
(71, 87, '1759266168045.pdf', 'à¸à¸à¸à¸µà¹ 6 à¸à¸²à¸£à¸§à¸´à¹à¸à¸£à¸²à¸°à¸«à¹à¸à¸§à¸²à¸¡à¹à¸à¸£à¸à¸£à¸§à¸.pdf', 'application/pdf', 'acknowledgement', '2025-09-30 21:02:49', 0),
(72, 87, '1759266168057.pdf', 'à¸à¸à¸à¸µà¹ 5  à¸à¸²à¸£à¸à¸à¸ªà¸­à¸à¸ªà¸¡à¸¡à¸à¸´à¸à¸²à¸.pdf', 'application/pdf', 'toc', '2025-09-30 21:02:49', 0),
(73, 87, '1759266168066.pdf', 'à¸à¸à¸à¸µà¹ 4 à¸à¸²à¸£à¸à¸£à¸°à¸¡à¸²à¸à¸à¹à¸².pdf', 'application/pdf', 'chapter1', '2025-09-30 21:02:49', 0),
(74, 87, '1759266168081.pdf', 'à¸à¸à¸à¸µà¹ 3 à¸à¸²à¸£à¹à¸à¸à¹à¸à¸à¹à¸à¸à¸à¸à¸à¸´.pdf', 'application/pdf', 'chapter2', '2025-09-30 21:02:49', 0),
(75, 87, '1759266168091.pdf', 'à¸à¸à¸à¸µà¹ 3 à¸à¸²à¸£à¹à¸à¸à¹à¸à¸à¹à¸à¸à¸à¸à¸à¸´.pdf', 'application/pdf', 'chapter3', '2025-09-30 21:02:49', 0),
(76, 87, '1759266168101.pdf', 'à¸à¸à¸à¸µà¹ 4 à¸à¸²à¸£à¸à¸£à¸°à¸¡à¸²à¸à¸à¹à¸².pdf', 'application/pdf', 'chapter4', '2025-09-30 21:02:49', 0),
(77, 87, '1759266168114.pdf', 'à¸à¸à¸à¸µà¹ 7 à¸ªà¸«à¸ªà¸±à¸¡à¸à¸±à¸à¸à¹à¹à¸¥à¸°à¸à¸²à¸£à¸§à¸´à¹à¸à¸£à¸²à¸°à¸«à¹à¸à¸²à¸£à¸à¸­à¸à¸­à¸¢.pdf', 'application/pdf', 'chapter5', '2025-09-30 21:02:49', 0),
(78, 87, '1759266168127.pdf', 'à¸à¸à¸à¸µà¹ 6 à¸à¸²à¸£à¸§à¸´à¹à¸à¸£à¸²à¸°à¸«à¹à¸à¸§à¸²à¸¡à¹à¸à¸£à¸à¸£à¸§à¸.pdf', 'application/pdf', 'reference', '2025-09-30 21:02:49', 0),
(79, 87, '1759266168138.pdf', 'à¸à¸à¸à¸µà¹ 5  à¸à¸²à¸£à¸à¸à¸ªà¸­à¸à¸ªà¸¡à¸¡à¸à¸´à¸à¸²à¸.pdf', 'application/pdf', 'appendix', '2025-09-30 21:02:49', 0),
(80, 87, '1759266168146.pdf', 'à¸à¸à¸à¸µà¹ 4 à¸à¸²à¸£à¸à¸£à¸°à¸¡à¸²à¸à¸à¹à¸².pdf', 'application/pdf', 'author_bio', '2025-09-30 21:02:49', 0),
(81, 87, '1759266168162.mp4', '2_à¸§à¸£à¸£à¸à¸£à¸à¸²_Lab_6_completed.mp4', 'video/mp4', 'presentation_video', '2025-09-30 21:02:49', 0),
(82, 88, '1759266559408.jpg', 'messageImage_1758945335820.jpg', 'image/jpeg', 'ห้องง', '2025-09-30 21:09:19', 0),
(83, 88, '1759266559478.pdf', 'à¸à¸à¸à¸µà¹ 7 à¸ªà¸«à¸ªà¸±à¸¡à¸à¸±à¸à¸à¹à¹à¸¥à¸°à¸à¸²à¸£à¸§à¸´à¹à¸à¸£à¸²à¸°à¸«à¹à¸à¸²à¸£à¸à¸­à¸à¸­à¸¢.pdf', 'application/pdf', 'cover', '2025-09-30 21:09:20', 0),
(84, 88, '1759266559495.pdf', 'à¸à¸à¸à¸µà¹ 7 à¸ªà¸«à¸ªà¸±à¸¡à¸à¸±à¸à¸à¹à¹à¸¥à¸°à¸à¸²à¸£à¸§à¸´à¹à¸à¸£à¸²à¸°à¸«à¹à¸à¸²à¸£à¸à¸­à¸à¸­à¸¢.pdf', 'application/pdf', 'abstract', '2025-09-30 21:09:20', 0),
(85, 88, '1759266559508.pdf', 'à¸à¸à¸à¸µà¹ 3 à¸à¸²à¸£à¹à¸à¸à¹à¸à¸à¹à¸à¸à¸à¸à¸à¸´.pdf', 'application/pdf', 'acknowledgement', '2025-09-30 21:09:20', 0),
(86, 88, '1759266559520.pdf', 'à¸à¸à¸à¸µà¹ 4 à¸à¸²à¸£à¸à¸£à¸°à¸¡à¸²à¸à¸à¹à¸².pdf', 'application/pdf', 'toc', '2025-09-30 21:09:20', 0),
(87, 88, '1759266559531.pdf', 'à¸à¸à¸à¸µà¹ 7 à¸ªà¸«à¸ªà¸±à¸¡à¸à¸±à¸à¸à¹à¹à¸¥à¸°à¸à¸²à¸£à¸§à¸´à¹à¸à¸£à¸²à¸°à¸«à¹à¸à¸²à¸£à¸à¸­à¸à¸­à¸¢.pdf', 'application/pdf', 'chapter1', '2025-09-30 21:09:20', 0),
(88, 88, '1759266559548.pdf', 'à¸à¸à¸à¸µà¹ 6 à¸à¸²à¸£à¸§à¸´à¹à¸à¸£à¸²à¸°à¸«à¹à¸à¸§à¸²à¸¡à¹à¸à¸£à¸à¸£à¸§à¸.pdf', 'application/pdf', 'chapter2', '2025-09-30 21:09:20', 0),
(89, 88, '1759266559561.pdf', 'à¸à¸à¸à¸µà¹ 3 à¸à¸²à¸£à¹à¸à¸à¹à¸à¸à¹à¸à¸à¸à¸à¸à¸´.pdf', 'application/pdf', 'chapter3', '2025-09-30 21:09:20', 0),
(90, 88, '1759266559574.pdf', 'à¸à¸à¸à¸µà¹ 4 à¸à¸²à¸£à¸à¸£à¸°à¸¡à¸²à¸à¸à¹à¸².pdf', 'application/pdf', 'chapter4', '2025-09-30 21:09:20', 0),
(91, 88, '1759266559590.pdf', 'à¸à¸à¸à¸µà¹ 5  à¸à¸²à¸£à¸à¸à¸ªà¸­à¸à¸ªà¸¡à¸¡à¸à¸´à¸à¸²à¸.pdf', 'application/pdf', 'chapter5', '2025-09-30 21:09:20', 0),
(92, 88, '1759266559604.pdf', 'à¸à¸à¸à¸µà¹ 12 ok.pdf', 'application/pdf', 'reference', '2025-09-30 21:09:20', 0),
(93, 88, '1759266559642.pdf', 'Exercise4052201_w14.pdf', 'application/pdf', 'appendix', '2025-09-30 21:09:20', 0),
(94, 88, '1759266559644.pdf', 'Exercise4052201_w13.pdf', 'application/pdf', 'author_bio', '2025-09-30 21:09:20', 0),
(95, 88, '1759266559651.mp4', '2_à¸§à¸£à¸£à¸à¸£à¸à¸²_Lab_6_completed.mp4', 'video/mp4', 'presentation_video', '2025-09-30 21:09:20', 0),
(96, 89, '1759267063513.jpg', 'messageImage_1758945335820.jpg', 'image/jpeg', 'กดหดห', '2025-09-30 21:17:43', 0),
(97, 89, '1759267063591.pdf', 'à¸à¸à¸à¸µà¹ 3 à¸à¸²à¸£à¹à¸à¸à¹à¸à¸à¹à¸à¸à¸à¸à¸à¸´.pdf', 'application/pdf', 'cover', '2025-09-30 21:17:44', 0),
(98, 89, '1759267063617.pdf', 'à¸à¸à¸à¸µà¹ 7 à¸ªà¸«à¸ªà¸±à¸¡à¸à¸±à¸à¸à¹à¹à¸¥à¸°à¸à¸²à¸£à¸§à¸´à¹à¸à¸£à¸²à¸°à¸«à¹à¸à¸²à¸£à¸à¸­à¸à¸­à¸¢.pdf', 'application/pdf', 'abstract', '2025-09-30 21:17:44', 0),
(99, 89, '1759267063634.pdf', 'à¸à¸à¸à¸µà¹ 6 à¸à¸²à¸£à¸§à¸´à¹à¸à¸£à¸²à¸°à¸«à¹à¸à¸§à¸²à¸¡à¹à¸à¸£à¸à¸£à¸§à¸.pdf', 'application/pdf', 'acknowledgement', '2025-09-30 21:17:44', 0),
(100, 89, '1759267063643.pdf', 'à¸à¸à¸à¸µà¹ 5  à¸à¸²à¸£à¸à¸à¸ªà¸­à¸à¸ªà¸¡à¸¡à¸à¸´à¸à¸²à¸.pdf', 'application/pdf', 'toc', '2025-09-30 21:17:44', 0),
(101, 89, '1759267063655.pdf', 'à¸à¸à¸à¸µà¹ 3 à¸à¸²à¸£à¹à¸à¸à¹à¸à¸à¹à¸à¸à¸à¸à¸à¸´.pdf', 'application/pdf', 'chapter1', '2025-09-30 21:17:44', 0),
(102, 89, '1759267063665.pdf', 'à¸à¸à¸à¸µà¹ 4 à¸à¸²à¸£à¸à¸£à¸°à¸¡à¸²à¸à¸à¹à¸².pdf', 'application/pdf', 'chapter2', '2025-09-30 21:17:44', 0),
(103, 89, '1759267063678.pdf', 'à¸à¸à¸à¸µà¹ 4 à¸à¸²à¸£à¸à¸£à¸°à¸¡à¸²à¸à¸à¹à¸².pdf', 'application/pdf', 'chapter3', '2025-09-30 21:17:44', 0),
(104, 89, '1759267063688.pdf', 'à¸à¸à¸à¸µà¹ 3 à¸à¸²à¸£à¹à¸à¸à¹à¸à¸à¹à¸à¸à¸à¸à¸à¸´.pdf', 'application/pdf', 'chapter4', '2025-09-30 21:17:44', 0),
(105, 89, '1759267063700.pdf', 'Cloud w12.pdf', 'application/pdf', 'chapter5', '2025-09-30 21:17:44', 0),
(106, 89, '1759267063707.pdf', 'Cloud w12.pdf', 'application/pdf', 'reference', '2025-09-30 21:17:44', 0),
(107, 89, '1759267063717.pdf', 'à¸à¸à¸à¸µà¹ 3 à¸à¸²à¸£à¹à¸à¸à¹à¸à¸à¹à¸à¸à¸à¸à¸à¸´.pdf', 'application/pdf', 'appendix', '2025-09-30 21:17:44', 0),
(108, 89, '1759267063727.pdf', 'à¸à¸à¸à¸µà¹ 3 à¸à¸²à¸£à¹à¸à¸à¹à¸à¸à¹à¸à¸à¸à¸à¸à¸´.pdf', 'application/pdf', 'author_bio', '2025-09-30 21:17:44', 0),
(109, 89, '1759267063738.mp4', '2_à¸§à¸£à¸£à¸à¸£à¸à¸²_Lab_6_completed.mp4', 'video/mp4', 'presentation_video', '2025-09-30 21:17:44', 0),
(110, 90, '1759267469009.pdf', 'à¸à¸à¸à¸µà¹ 7 à¸ªà¸«à¸ªà¸±à¸¡à¸à¸±à¸à¸à¹à¹à¸¥à¸°à¸à¸²à¸£à¸§à¸´à¹à¸à¸£à¸²à¸°à¸«à¹à¸à¸²à¸£à¸à¸­à¸à¸­à¸¢.pdf', 'application/pdf', 'หดหด', '2025-09-30 21:24:29', 0),
(111, 90, '1759267469098.jpg', 'messageImage_1758945335820.jpg', 'image/jpeg', 'cover', '2025-09-30 21:24:30', 0),
(112, 90, '1759267469111.pdf', 'à¸à¸à¸à¸µà¹ 6 à¸à¸²à¸£à¸§à¸´à¹à¸à¸£à¸²à¸°à¸«à¹à¸à¸§à¸²à¸¡à¹à¸à¸£à¸à¸£à¸§à¸.pdf', 'application/pdf', 'abstract', '2025-09-30 21:24:30', 0),
(113, 90, '1759267469122.pdf', 'à¸à¸à¸à¸µà¹ 4 à¸à¸²à¸£à¸à¸£à¸°à¸¡à¸²à¸à¸à¹à¸².pdf', 'application/pdf', 'acknowledgement', '2025-09-30 21:24:30', 0),
(114, 90, '1759267469135.mp4', '2_à¸§à¸£à¸£à¸à¸£à¸à¸²_Lab_6_completed.mp4', 'video/mp4', 'presentation_video', '2025-09-30 21:24:30', 0),
(115, 91, '1759267559666.pdf', 'à¸à¸à¸à¸µà¹ 4 à¸à¸²à¸£à¸à¸£à¸°à¸¡à¸²à¸à¸à¹à¸².pdf', 'application/pdf', 'หดหดหก', '2025-09-30 21:25:59', 0),
(116, 91, '1759267559744.pdf', 'à¸à¸à¸à¸µà¹ 7 à¸ªà¸«à¸ªà¸±à¸¡à¸à¸±à¸à¸à¹à¹à¸¥à¸°à¸à¸²à¸£à¸§à¸´à¹à¸à¸£à¸²à¸°à¸«à¹à¸à¸²à¸£à¸à¸­à¸à¸­à¸¢.pdf', 'application/pdf', 'cover', '2025-09-30 21:26:00', 0),
(117, 91, '1759267559761.pdf', 'à¸à¸à¸à¸µà¹ 4 à¸à¸²à¸£à¸à¸£à¸°à¸¡à¸²à¸à¸à¹à¸².pdf', 'application/pdf', 'abstract', '2025-09-30 21:26:00', 0),
(118, 91, '1759267559772.pdf', 'à¸à¸à¸à¸µà¹ 7 à¸ªà¸«à¸ªà¸±à¸¡à¸à¸±à¸à¸à¹à¹à¸¥à¸°à¸à¸²à¸£à¸§à¸´à¹à¸à¸£à¸²à¸°à¸«à¹à¸à¸²à¸£à¸à¸­à¸à¸­à¸¢.pdf', 'application/pdf', 'acknowledgement', '2025-09-30 21:26:00', 0),
(119, 91, '1759267559785.mp4', '2_à¸§à¸£à¸£à¸à¸£à¸à¸²_Lab_6_completed.mp4', 'video/mp4', 'presentation_video', '2025-09-30 21:26:00', 0),
(120, 92, '1759268104586.jpg', 'messageImage_1758945335820.jpg', 'image/jpeg', 'จอง', '2025-09-30 21:35:04', 0),
(121, 93, '1759268994748.pdf', 'à¸à¸à¸à¸µà¹ 7 à¸ªà¸«à¸ªà¸±à¸¡à¸à¸±à¸à¸à¹à¹à¸¥à¸°à¸à¸²à¸£à¸§à¸´à¹à¸à¸£à¸²à¸°à¸«à¹à¸à¸²à¸£à¸à¸­à¸à¸­à¸¢.pdf', 'application/pdf', 'dfss', '2025-09-30 21:49:54', 0),
(122, 93, '1759268994875.jpg', 'messageImage_1758945335820.jpg', 'image/jpeg', 'cover', '2025-09-30 21:49:56', 0),
(123, 93, '1759268994887.pdf', 'à¸à¸à¸à¸µà¹ 5  à¸à¸²à¸£à¸à¸à¸ªà¸­à¸à¸ªà¸¡à¸¡à¸à¸´à¸à¸²à¸.pdf', 'application/pdf', 'abstract', '2025-09-30 21:49:56', 0),
(124, 93, '1759268994907.pdf', 'à¸à¸à¸à¸µà¹ 6 à¸à¸²à¸£à¸§à¸´à¹à¸à¸£à¸²à¸°à¸«à¹à¸à¸§à¸²à¸¡à¹à¸à¸£à¸à¸£à¸§à¸.pdf', 'application/pdf', 'acknowledgement', '2025-09-30 21:49:56', 0),
(125, 93, '1759268994934.pdf', 'à¸à¸à¸à¸µà¹ 6 à¸à¸²à¸£à¸§à¸´à¹à¸à¸£à¸²à¸°à¸«à¹à¸à¸§à¸²à¸¡à¹à¸à¸£à¸à¸£à¸§à¸.pdf', 'application/pdf', 'toc', '2025-09-30 21:49:56', 0),
(126, 93, '1759268994960.pdf', 'à¸à¸à¸à¸µà¹ 4 à¸à¸²à¸£à¸à¸£à¸°à¸¡à¸²à¸à¸à¹à¸².pdf', 'application/pdf', 'chapter1', '2025-09-30 21:49:56', 0),
(127, 93, '1759268994990.pdf', 'à¸à¸à¸à¸µà¹ 5  à¸à¸²à¸£à¸à¸à¸ªà¸­à¸à¸ªà¸¡à¸¡à¸à¸´à¸à¸²à¸.pdf', 'application/pdf', 'chapter2', '2025-09-30 21:49:56', 0),
(128, 93, '1759268995007.pdf', 'à¸à¸à¸à¸µà¹ 7 à¸ªà¸«à¸ªà¸±à¸¡à¸à¸±à¸à¸à¹à¹à¸¥à¸°à¸à¸²à¸£à¸§à¸´à¹à¸à¸£à¸²à¸°à¸«à¹à¸à¸²à¸£à¸à¸­à¸à¸­à¸¢.pdf', 'application/pdf', 'chapter3', '2025-09-30 21:49:56', 0),
(129, 93, '1759268995035.pdf', 'à¸à¸à¸à¸µà¹ 4 à¸à¸²à¸£à¸à¸£à¸°à¸¡à¸²à¸à¸à¹à¸².pdf', 'application/pdf', 'chapter4', '2025-09-30 21:49:56', 0),
(130, 93, '1759268995051.pdf', 'à¸à¸à¸à¸µà¹ 5  à¸à¸²à¸£à¸à¸à¸ªà¸­à¸à¸ªà¸¡à¸¡à¸à¸´à¸à¸²à¸.pdf', 'application/pdf', 'chapter5', '2025-09-30 21:49:56', 0),
(131, 93, '1759268995071.pdf', 'à¸à¸à¸à¸µà¹ 5  à¸à¸²à¸£à¸à¸à¸ªà¸­à¸à¸ªà¸¡à¸¡à¸à¸´à¸à¸²à¸.pdf', 'application/pdf', 'reference', '2025-09-30 21:49:56', 0),
(132, 93, '1759268995092.pdf', 'à¸à¸à¸à¸µà¹ 6 à¸à¸²à¸£à¸§à¸´à¹à¸à¸£à¸²à¸°à¸«à¹à¸à¸§à¸²à¸¡à¹à¸à¸£à¸à¸£à¸§à¸.pdf', 'application/pdf', 'appendix', '2025-09-30 21:49:56', 0),
(133, 93, '1759268995110.pdf', 'à¸à¸à¸à¸µà¹ 5  à¸à¸²à¸£à¸à¸à¸ªà¸­à¸à¸ªà¸¡à¸¡à¸à¸´à¸à¸²à¸.pdf', 'application/pdf', 'author_bio', '2025-09-30 21:49:56', 0),
(134, 93, '1759268995131.mp4', '2_à¸§à¸£à¸£à¸à¸£à¸à¸²_Lab_6_completed.mp4', 'video/mp4', 'presentation_video', '2025-09-30 21:49:56', 0),
(135, 94, '1759443194146.pdf', 'à¸à¸à¸à¸µà¹ 6 à¸à¸²à¸£à¸§à¸´à¹à¸à¸£à¸²à¸°à¸«à¹à¸à¸§à¸²à¸¡à¹à¸à¸£à¸à¸£à¸§à¸.pdf', 'application/pdf', 'เว็บไซต์', '2025-10-02 22:13:14', 0),
(136, 94, '1759443194240.pdf', 'à¸à¸à¸à¸µà¹ 3 à¸à¸²à¸£à¹à¸à¸à¹à¸à¸à¹à¸à¸à¸à¸à¸à¸´.pdf', 'application/pdf', 'cover', '2025-10-02 22:13:15', 0),
(137, 94, '1759443194261.mp4', '2_à¸§à¸£à¸£à¸à¸£à¸à¸²_Lab_6_completed.mp4', 'video/mp4', 'presentation_video', '2025-10-02 22:13:15', 0),
(138, 95, '1759444521622.pdf', 'à¸à¸à¸à¸µà¹ 4.pdf', 'application/pdf', 'กเดก', '2025-10-02 22:35:21', 0),
(139, 95, '1759444521699.pdf', 'à¸à¸à¸à¸µà¹ 4.pdf', 'application/pdf', 'cover', '2025-10-02 22:35:22', 0),
(140, 95, '1759444521704.mp4', '2_à¸§à¸£à¸£à¸à¸£à¸à¸²_Lab_6_completed.mp4', 'video/mp4', 'presentation_video', '2025-10-02 22:35:22', 0),
(141, 96, '/uploads/1759444960031.pdf', 'à¸à¸à¸à¸µà¹ 4.pdf', 'application/pdf', 'หกดห', '2025-10-02 22:42:40', 0),
(142, 96, '1759444960073.pdf', 'à¸à¸à¸à¸µà¹ 4.pdf', 'application/pdf', 'cover', '2025-10-02 22:42:40', 0),
(143, 96, '1759444960074.mp4', '2_à¸§à¸£à¸£à¸à¸£à¸à¸²_Lab_6_completed.mp4', 'video/mp4', 'presentation_video', '2025-10-02 22:42:40', 0),
(144, 97, '/uploads/1759448945456.pdf', 'à¸à¸à¸à¸µà¹4(2).pdf', 'application/pdf', 'Hardware(ฮาร์ดแวร์)', '2025-10-02 23:49:05', 0),
(145, 97, '1759448945625.pdf', 'à¸à¸à¸à¸µà¹ 13 ok.pdf', 'application/pdf', 'cover', '2025-10-02 23:49:06', 0),
(146, 97, '1759448945688.pdf', 'à¸à¸à¸à¸µà¹ 4.pdf', 'application/pdf', 'abstract', '2025-10-02 23:49:06', 0),
(147, 97, '1759448945694.jpg', 'messageImage_1758945335820.jpg', 'image/jpeg', 'acknowledgement', '2025-10-02 23:49:06', 0),
(148, 97, '1759448945701.pdf', 'à¸à¸à¸à¸µà¹ 3 à¸à¸²à¸£à¹à¸à¸à¹à¸à¸à¹à¸à¸à¸à¸à¸à¸´.pdf', 'application/pdf', 'toc', '2025-10-02 23:49:06', 0),
(149, 97, '1759448945712.pdf', 'à¸à¸à¸à¸µà¹4(2).pdf', 'application/pdf', 'chapter1', '2025-10-02 23:49:06', 0),
(150, 97, '1759448945751.pdf', 'à¸à¸à¸à¸µà¹ 4.pdf', 'application/pdf', 'chapter2', '2025-10-02 23:49:06', 0),
(151, 97, '1759448945752.pdf', 'à¸à¸à¸à¸µà¹ 5  à¸à¸²à¸£à¸à¸à¸ªà¸­à¸à¸ªà¸¡à¸¡à¸à¸´à¸à¸²à¸.pdf', 'application/pdf', 'chapter3', '2025-10-02 23:49:06', 0),
(152, 97, '1759448945759.pdf', 'Exercise4052201_w13.pdf', 'application/pdf', 'chapter4', '2025-10-02 23:49:06', 0),
(153, 97, '1759448945763.pdf', 'Exercise4052201_w14.pdf', 'application/pdf', 'chapter5', '2025-10-02 23:49:06', 0),
(154, 97, '1759448945767.pdf', 'Cloud w12.pdf', 'application/pdf', 'reference', '2025-10-02 23:49:06', 0),
(155, 97, '1759448945774.pdf', 'ch1_Practice1.pdf', 'application/pdf', 'appendix', '2025-10-02 23:49:06', 0),
(156, 97, '1759448945778.pdf', 'ETE183-Computer Programming 1_68-week2.pdf', 'application/pdf', 'author_bio', '2025-10-02 23:49:06', 0),
(157, 97, '1759448946000.mp4', '2_à¸§à¸£à¸£à¸à¸£à¸à¸²_Lab_6_completed.mp4', 'video/mp4', 'presentation_video', '2025-10-02 23:49:06', 0),
(158, 98, '/uploads/1759698056945.sql', 'sci_digiknowledge (14).sql', 'application/octet-st', 'main', '2025-10-05 21:00:57', 0),
(159, 98, '1759698057060.pdf', 'Exercise4052201_w14 (1).pdf', 'application/pdf', 'cover', '2025-10-05 21:00:58', 0),
(160, 98, '1759698057066.sql', 'sci_digiknowledge (13).sql', 'application/octet-st', 'abstract', '2025-10-05 21:00:58', 0),
(161, 98, '1759698057073.pdf', 'ETE183-Computer Programming 1_68-week2 (1).pdf', 'application/pdf', 'acknowledgement', '2025-10-05 21:00:58', 0),
(162, 98, '1759698057296.pdf', 'Cloud w12.pdf', 'application/pdf', 'toc', '2025-10-05 21:00:58', 0),
(163, 98, '1759698057302.pdf', 'Cloud w11.pdf', 'application/pdf', 'chapter1', '2025-10-05 21:00:58', 0),
(164, 98, '1759698057311.sql', 'users.sql', 'application/octet-st', 'chapter2', '2025-10-05 21:00:58', 0),
(165, 98, '1759698057311.pdf', 'Exercise4052201_w14 (1).pdf', 'application/pdf', 'chapter3', '2025-10-05 21:00:58', 0),
(166, 98, '1759698057312.sql', 'sci_digiknowledge (13).sql', 'application/octet-st', 'chapter4', '2025-10-05 21:00:58', 0),
(167, 98, '1759698057314.sql', 'sci_digiknowledge (14).sql', 'application/octet-st', 'chapter5', '2025-10-05 21:00:58', 0),
(168, 98, '1759698057316.pdf', 'Exercise4052201_w14 (1).pdf', 'application/pdf', 'reference', '2025-10-05 21:00:58', 0),
(169, 98, '1759698057318.sql', 'sci_digiknowledge (13).sql', 'application/octet-st', 'appendix', '2025-10-05 21:00:58', 0),
(170, 98, '1759698057318.sql', 'sci_digiknowledge (14).sql', 'application/octet-st', 'author_bio', '2025-10-05 21:00:58', 0),
(171, 98, '1759698057319.mp4', '2_à¸§à¸£à¸£à¸à¸£à¸à¸²_Lab_6_completed.mp4', 'video/mp4', 'presentation_video', '2025-10-05 21:00:58', 0),
(172, 99, '/uploads/1759698493588.sql', 'sci_digiknowledge (14).sql', 'application/octet-st', 'main', '2025-10-05 21:08:13', 0),
(173, 99, '1759698493654.pdf', 'Exercise4052201_w14 (1).pdf', 'application/pdf', 'cover', '2025-10-05 21:08:14', 0),
(174, 99, '1759698493655.sql', 'sci_digiknowledge (13).sql', 'application/octet-st', 'abstract', '2025-10-05 21:08:14', 0),
(175, 99, '1759698493660.sql', 'sci_digiknowledge (14).sql', 'application/octet-st', 'acknowledgement', '2025-10-05 21:08:14', 0),
(176, 99, '1759698493661.pdf', 'Exercise4052201_w14 (1).pdf', 'application/pdf', 'toc', '2025-10-05 21:08:14', 0),
(177, 99, '1759698493663.sql', 'sci_digiknowledge (13).sql', 'application/octet-st', 'chapter1', '2025-10-05 21:08:14', 0),
(178, 99, '1759698493666.sql', 'sci_digiknowledge (14).sql', 'application/octet-st', 'chapter2', '2025-10-05 21:08:14', 0),
(179, 99, '1759698493668.sql', 'sci_digiknowledge (13).sql', 'application/octet-st', 'chapter3', '2025-10-05 21:08:14', 0),
(180, 99, '1759698493669.sql', 'sci_digiknowledge (14).sql', 'application/octet-st', 'chapter4', '2025-10-05 21:08:14', 0),
(181, 99, '1759698493671.pdf', 'Exercise4052201_w14 (1).pdf', 'application/pdf', 'chapter5', '2025-10-05 21:08:14', 0),
(182, 99, '1759698493672.sql', 'sci_digiknowledge (13).sql', 'application/octet-st', 'reference', '2025-10-05 21:08:15', 0),
(183, 99, '1759698493693.sql', 'sci_digiknowledge (14).sql', 'application/octet-st', 'appendix', '2025-10-05 21:08:15', 0),
(184, 99, '1759698493695.pdf', 'Exercise4052201_w14 (1).pdf', 'application/pdf', 'author_bio', '2025-10-05 21:08:15', 0),
(185, 99, '1759698493700.mp4', '2_à¸§à¸£à¸£à¸à¸£à¸à¸²_Lab_6_completed.mp4', 'video/mp4', 'presentation_video', '2025-10-05 21:08:15', 0),
(186, 100, '/uploads/1759699017157.pdf', 'Exercise4052201_w14 (1).pdf', 'application/pdf', 'main', '2025-10-05 21:16:57', 1),
(187, 100, '1759699017195.pdf', 'Exercise4052201_w14 (1).pdf', 'application/pdf', 'cover', '2025-10-05 21:16:57', 1),
(188, 100, '1759699017196.pdf', 'Exercise4052201_w14 (1).pdf', 'application/pdf', 'abstract', '2025-10-05 21:16:57', 0),
(189, 100, '1759699017199.pdf', 'Exercise4052201_w14 (1).pdf', 'application/pdf', 'acknowledgement', '2025-10-05 21:16:57', 0),
(190, 100, '1759699017202.pdf', 'Exercise4052201_w14 (1).pdf', 'application/pdf', 'toc', '2025-10-05 21:16:57', 0),
(191, 100, '1759699017203.pdf', 'Exercise4052201_w14 (1).pdf', 'application/pdf', 'chapter1', '2025-10-05 21:16:57', 0),
(192, 100, '1759699017206.pdf', 'Exercise4052201_w14 (1).pdf', 'application/pdf', 'chapter2', '2025-10-05 21:16:57', 0),
(193, 100, '1759699017209.pdf', 'Exercise4052201_w14 (1).pdf', 'application/pdf', 'chapter3', '2025-10-05 21:16:57', 0),
(194, 100, '1759699017213.pdf', 'Exercise4052201_w14 (1).pdf', 'application/pdf', 'chapter4', '2025-10-05 21:16:57', 0),
(195, 100, '1759699017218.pdf', 'Exercise4052201_w14 (1).pdf', 'application/pdf', 'chapter5', '2025-10-05 21:16:57', 0),
(196, 100, '1759699017224.pdf', 'Exercise4052201_w14 (1).pdf', 'application/pdf', 'reference', '2025-10-05 21:16:57', 0),
(197, 100, '1759699017227.pdf', 'Exercise4052201_w14 (1).pdf', 'application/pdf', 'appendix', '2025-10-05 21:16:57', 0),
(198, 100, '1759699017228.pdf', 'Exercise4052201_w14 (1).pdf', 'application/pdf', 'author_bio', '2025-10-05 21:16:57', 0),
(199, 100, '1759699017231.mp4', '1_à¸§à¸£à¸£à¸à¸£à¸à¸²_Lab_6_completed (2).mp4', 'video/mp4', 'presentation_video', '2025-10-05 21:16:57', 0),
(200, 101, '/uploads/1759703314068.pdf', 'Exercise4052201_w14 (1).pdf', 'application/pdf', 'main', '2025-10-05 22:28:34', 2),
(201, 101, '1759703314146.pdf', 'Exercise4052201_w14 (1).pdf', 'application/pdf', 'cover', '2025-10-05 22:28:35', 1),
(202, 101, '1759703314149.mp4', '2_à¸§à¸£à¸£à¸à¸£à¸à¸²_Lab_6_completed.mp4', 'video/mp4', 'presentation_video', '2025-10-05 22:28:35', 0),
(203, 102, '/uploads/1759724081272.sql', 'sci_digiknowledge (14).sql', 'application/octet-st', 'main', '2025-10-06 04:14:41', 2),
(204, 102, '1759724081343.pdf', 'Exercise4052201_w14 (1).pdf', 'application/pdf', 'cover', '2025-10-06 04:14:42', 0),
(205, 102, '1759724081351.sql', 'sci_digiknowledge (13).sql', 'application/octet-st', 'abstract', '2025-10-06 04:14:42', 0),
(206, 102, '1759724081352.pdf', 'Exercise4052201_w14 (1).pdf', 'application/pdf', 'acknowledgement', '2025-10-06 04:14:42', 0),
(207, 102, '1759724081359.sql', 'sci_digiknowledge (13).sql', 'application/octet-st', 'toc', '2025-10-06 04:14:42', 0),
(208, 102, '1759724081363.pdf', 'Exercise4052201_w14 (1).pdf', 'application/pdf', 'chapter1', '2025-10-06 04:14:42', 0),
(209, 102, '1759724081368.sql', 'sci_digiknowledge (13).sql', 'application/octet-st', 'chapter2', '2025-10-06 04:14:42', 0),
(210, 102, '1759724081369.pdf', 'Exercise4052201_w14 (1).pdf', 'application/pdf', 'chapter3', '2025-10-06 04:14:42', 0),
(211, 102, '1759724081371.sql', 'sci_digiknowledge (13).sql', 'application/octet-st', 'chapter4', '2025-10-06 04:14:42', 0),
(212, 102, '1759724081375.pdf', 'Exercise4052201_w14 (1).pdf', 'application/pdf', 'chapter5', '2025-10-06 04:14:42', 0),
(213, 102, '1759724081378.sql', 'sci_digiknowledge (13).sql', 'application/octet-st', 'reference', '2025-10-06 04:14:42', 0),
(214, 102, '1759724081383.pdf', 'Exercise4052201_w14 (1).pdf', 'application/pdf', 'appendix', '2025-10-06 04:14:42', 0),
(215, 102, '1759725797121.pdf', 'Exercise4052201_w14 (1).pdf', 'application/pdf', 'author_bio', '2025-10-06 04:43:17', 1),
(216, 102, '1759724081389.mp4', '2_à¸§à¸£à¸£à¸à¸£à¸à¸²_Lab_6_completed.mp4', 'video/mp4', 'presentation_video', '2025-10-06 04:14:42', 0),
(217, 103, '/uploads/1759724454615.sql', 'sci_digiknowledge (14).sql', 'application/octet-st', 'main', '2025-10-06 04:20:54', 1),
(218, 103, '1759724454706.pdf', 'Exercise4052201_w14 (1).pdf', 'application/pdf', 'cover', '2025-10-06 04:20:56', 1),
(219, 103, '1759724454712.sql', 'sci_digiknowledge (13).sql', 'application/octet-st', 'abstract', '2025-10-06 04:20:56', 0),
(220, 103, '1759724454719.pdf', 'Exercise4052201_w13 (1).pdf', 'application/pdf', 'acknowledgement', '2025-10-06 04:20:56', 1),
(221, 103, '1759724454737.pdf', 'ETE183-Computer Programming 1_68-week2 (1).pdf', 'application/pdf', 'toc', '2025-10-06 04:20:56', 0),
(222, 103, '1759724454983.sql', 'sci_digiknowledge (13).sql', 'application/octet-st', 'chapter1', '2025-10-06 04:20:56', 0),
(223, 103, '1759724454983.pdf', 'Exercise4052201_w14 (1).pdf', 'application/pdf', 'chapter2', '2025-10-06 04:20:56', 0),
(224, 103, '1759724454985.pdf', 'ETE183-Computer Programming 1_68-week2 (1).pdf', 'application/pdf', 'chapter3', '2025-10-06 04:20:56', 0),
(225, 103, '1759724455049.sql', 'sci_digiknowledge (14).sql', 'application/octet-st', 'chapter4', '2025-10-06 04:20:56', 0),
(226, 103, '1759724455051.pdf', 'ETE183-Computer Programming 1_68-week2 (1).pdf', 'application/pdf', 'chapter5', '2025-10-06 04:20:56', 0),
(227, 103, '1759724455106.sql', 'sci_digiknowledge (14).sql', 'application/octet-st', 'reference', '2025-10-06 04:20:56', 0),
(228, 103, '1759724455107.pdf', 'ETE183-Computer Programming 1_68-week2 (1).pdf', 'application/pdf', 'appendix', '2025-10-06 04:20:56', 0),
(229, 103, '1759724455162.sql', 'sci_digiknowledge (14).sql', 'application/octet-st', 'author_bio', '2025-10-06 04:20:56', 1),
(230, 103, '1759724455164.mp4', '2_à¸§à¸£à¸£à¸à¸£à¸à¸²_Lab_6_completed.mp4', 'video/mp4', 'presentation_video', '2025-10-06 04:20:56', 0),
(231, 104, '1759772934144.sql', 'backup.sql', 'application/octet-st', 'cover', '2025-10-06 17:48:55', 0),
(232, 104, '1759772934149.pdf', 'Exercise4052201_w14 (1) (1).pdf', 'application/pdf', 'abstract', '2025-10-06 17:48:55', 0),
(233, 104, '1759772934155.pdf', 'Exercise4052201_w13 (1).pdf', 'application/pdf', 'acknowledgement', '2025-10-06 17:48:55', 0),
(234, 104, '1759772934160.pdf', 'ETE183-Computer Programming 1_68-week2 (1).pdf', 'application/pdf', 'toc', '2025-10-06 17:48:55', 0),
(235, 104, '1759772934381.pdf', 'ETE183-Computer Programming 1_68-week3.pdf', 'application/pdf', 'chapter1', '2025-10-06 17:48:55', 0),
(236, 104, '1759772935007.pdf', 'Cloud w12.pdf', 'application/pdf', 'chapter2', '2025-10-06 17:48:55', 0),
(237, 104, '1759772935014.pdf', 'Exercise4052201_w14 (1).pdf', 'application/pdf', 'chapter3', '2025-10-06 17:48:55', 0),
(238, 104, '1759772935017.pdf', 'Exercise4052201_w14 (1).pdf', 'application/pdf', 'chapter4', '2025-10-06 17:48:55', 0),
(239, 104, '1759772935018.pdf', 'ETE183-Computer Programming 1_68-week2 (1).pdf', 'application/pdf', 'chapter5', '2025-10-06 17:48:55', 0),
(240, 104, '1759772935065.pdf', 'à¸à¸à¸à¸µà¹ 4.pdf', 'application/pdf', 'reference', '2025-10-06 17:48:55', 0),
(241, 104, '1759772935068.pdf', 'Exercise4052201_w14 (1).pdf', 'application/pdf', 'appendix', '2025-10-06 17:48:55', 0),
(242, 104, '1759772935070.pdf', 'Exercise4052201_w14 (1).pdf', 'application/pdf', 'author_bio', '2025-10-06 17:48:55', 0),
(243, 104, '1759772935071.mp4', '2_à¸§à¸£à¸£à¸à¸£à¸à¸²_Lab_6_completed.mp4', 'video/mp4', 'presentation_video', '2025-10-06 17:48:55', 0);

-- --------------------------------------------------------

--
-- Table structure for table `student_codes`
--

CREATE TABLE `student_codes` (
  `student_code_id` smallint(5) UNSIGNED NOT NULL,
  `student_id` varchar(20) NOT NULL
) ENGINE=InnoDB DEFAULT CHARSET=utf8mb4 COLLATE=utf8mb4_general_ci;

--
-- Dumping data for table `student_codes`
--

INSERT INTO `student_codes` (`student_code_id`, `student_id`) VALUES
(1, '367409221001'),
(4, '367409221002'),
(9, '367409221003'),
(7, '367409221009');

-- --------------------------------------------------------

--
-- Table structure for table `users`
--

CREATE TABLE `users` (
  `user_id` smallint(5) UNSIGNED NOT NULL,
  `username` varchar(100) NOT NULL,
  `student_id` varchar(20) DEFAULT NULL,
  `password` varchar(255) NOT NULL,
  `role` enum('student','teacher','admin') NOT NULL,
  `created_at` timestamp NOT NULL DEFAULT current_timestamp(),
  `birthdate` date DEFAULT NULL,
  `class_group` varchar(50) DEFAULT NULL,
  `level` varchar(50) DEFAULT NULL
) ENGINE=InnoDB DEFAULT CHARSET=utf8mb4 COLLATE=utf8mb4_general_ci;

--
-- Dumping data for table `users`
--

INSERT INTO `users` (`user_id`, `username`, `student_id`, `password`, `role`, `created_at`, `birthdate`, `class_group`, `level`) VALUES
(1, 'guy', NULL, '$2b$10$ygfDa/inN1NcIQOfr2hSdOMEKbuKR5ItAaWRVq11OAPE/M7maEM3a', 'teacher', '2025-07-29 15:40:54', NULL, NULL, NULL),
(2, 'admin', NULL, '$2b$10$NiqKZWi9clXxTcyQtSGfgOtFMsLKmlUtfwDp/QORkh0r05oxySCKu', 'admin', '2025-08-17 19:21:39', NULL, NULL, NULL),
(3, '367409221015', NULL, '367409221015', 'student', '2025-08-21 09:33:19', NULL, NULL, NULL),
(4, 'taecher', NULL, 'taecher', 'teacher', '2025-08-21 09:33:47', NULL, NULL, NULL),
(6, '367409221010', NULL, '142536', 'student', '2025-09-17 14:32:03', NULL, NULL, NULL),
(9, 'Natchanon', '367409221001', '$2b$10$7gdA/SkQtNw3tiGEqMoud.LroP22FaHvfhsDppOx7dwzkKs5CnxfG', 'student', '2025-09-17 15:18:31', NULL, NULL, NULL),
(11, 'tanapat', '367409221002', '$2b$10$v/M9fEoBpd.GidxLBNSyYuIKqPSmk6gGW9N.yAmjUd8yFQmQV6R0e', 'student', '2025-09-17 15:30:04', NULL, NULL, NULL),
(12, 'sittikorn', NULL, '$2b$10$I05yr2KUHcZ5SHg10S/17.XQqoozHPMTqeYByDhnrz13nbnvuUKRi', 'teacher', '2025-09-18 17:51:43', NULL, NULL, NULL),
(15, 'wanrada', NULL, '367409221015', 'student', '2025-10-06 15:42:48', NULL, NULL, NULL),
(16, 'panida', '367409221009', '$2b$10$DNZDyI9atfMRXG8xJj4Pf.9bLsnhtinImBOAx4hew5ckPVi0Ar2Cm', 'student', '2025-10-06 17:24:00', NULL, NULL, NULL),
(17, 'thadsarin', '367409221003', '$2b$10$npsT76wTGMkLm7IH9f4rQOXPKOfbUY.tGqqfdnr5VPX33gZj48YWS', 'student', '2025-10-06 19:12:28', NULL, 'ITS36721N', '2');

--
-- Indexes for dumped tables
--

--
-- Indexes for table `categories`
--
ALTER TABLE `categories`
  ADD PRIMARY KEY (`categorie_id`),
  ADD UNIQUE KEY `name` (`name`);

--
-- Indexes for table `documents`
--
ALTER TABLE `documents`
  ADD PRIMARY KEY (`document_id`),
  ADD KEY `documents_ibfk_1` (`user_id`);

--
-- Indexes for table `document_categories`
--
ALTER TABLE `document_categories`
  ADD PRIMARY KEY (`document_id`,`categorie_id`),
  ADD KEY `category_id` (`categorie_id`);

--
-- Indexes for table `document_files`
--
ALTER TABLE `document_files`
  ADD PRIMARY KEY (`document_file_id`),
  ADD KEY `document_files` (`document_id`);

--
-- Indexes for table `student_codes`
--
ALTER TABLE `student_codes`
  ADD PRIMARY KEY (`student_code_id`),
  ADD UNIQUE KEY `student_id` (`student_id`);

--
-- Indexes for table `users`
--
ALTER TABLE `users`
  ADD PRIMARY KEY (`user_id`),
  ADD KEY `fk_users_student_code` (`student_id`);

--
-- AUTO_INCREMENT for dumped tables
--

--
-- AUTO_INCREMENT for table `documents`
--
ALTER TABLE `documents`
  MODIFY `document_id` mediumint(8) UNSIGNED NOT NULL AUTO_INCREMENT, AUTO_INCREMENT=105;

--
-- AUTO_INCREMENT for table `document_files`
--
ALTER TABLE `document_files`
  MODIFY `document_file_id` mediumint(8) UNSIGNED NOT NULL AUTO_INCREMENT, AUTO_INCREMENT=244;

--
-- AUTO_INCREMENT for table `student_codes`
--
ALTER TABLE `student_codes`
  MODIFY `student_code_id` smallint(5) UNSIGNED NOT NULL AUTO_INCREMENT, AUTO_INCREMENT=10;

--
-- AUTO_INCREMENT for table `users`
--
ALTER TABLE `users`
  MODIFY `user_id` smallint(5) UNSIGNED NOT NULL AUTO_INCREMENT, AUTO_INCREMENT=18;

--
-- Constraints for dumped tables
--

--
-- Constraints for table `documents`
--
ALTER TABLE `documents`
  ADD CONSTRAINT `documents_ibfk_1` FOREIGN KEY (`user_id`) REFERENCES `users` (`user_id`);

--
-- Constraints for table `document_categories`
--
ALTER TABLE `document_categories`
  ADD CONSTRAINT `document_categories` FOREIGN KEY (`document_id`) REFERENCES `documents` (`document_id`) ON DELETE CASCADE,
  ADD CONSTRAINT `document_categories_ibfk_1` FOREIGN KEY (`document_id`) REFERENCES `documents` (`document_id`) ON DELETE CASCADE,
  ADD CONSTRAINT `fk_doc_cat_category` FOREIGN KEY (`categorie_id`) REFERENCES `categories` (`categorie_id`) ON DELETE CASCADE ON UPDATE CASCADE;

--
-- Constraints for table `document_files`
--
ALTER TABLE `document_files`
  ADD CONSTRAINT `document_files` FOREIGN KEY (`document_id`) REFERENCES `documents` (`document_id`) ON DELETE CASCADE;

--
-- Constraints for table `users`
--
ALTER TABLE `users`
  ADD CONSTRAINT `fk_users_student_code` FOREIGN KEY (`student_id`) REFERENCES `student_codes` (`student_id`);
COMMIT;

/*!40101 SET CHARACTER_SET_CLIENT=@OLD_CHARACTER_SET_CLIENT */;
/*!40101 SET CHARACTER_SET_RESULTS=@OLD_CHARACTER_SET_RESULTS */;
/*!40101 SET COLLATION_CONNECTION=@OLD_COLLATION_CONNECTION */;
